model,freq,proportion
5,9127,0.36508
4 5,6738,0.26952
1 5,1315,0.0526
3 5,1248,0.04992
