model,freq,proportion
4 5,9040,0.3616
5,6715,0.2686
1 4 5,1645,0.0658
3 4 5,1506,0.06024
5,9127,0.36508
4 5,6738,0.26952
1 5,1315,0.0526
3 5,1248,0.04992
